,response,model,sum_sq,df,F,PR(>F),mean_sq
Intercept,Dry_matter,3way_all,115.40636627164986,1.0,5698.313425548352,4.784420875142161e-30,
C(Soil),Dry_matter,3way_all,0.03208162379779616,1.0,1.5840646708350767,0.2202821458547242,
C(Fertilizer),Dry_matter,3way_all,16.424258826441648,1.0,810.9654397669434,5.195947704101254e-20,
C(Biochar),Dry_matter,3way_all,14.44828727165858,2.0,356.69985979142837,1.4128604987183763e-18,
C(Soil):C(Fertilizer),Dry_matter,3way_all,0.008681690239119293,1.0,0.42866779055826093,0.5188694802225375,
C(Soil):C(Biochar),Dry_matter,3way_all,0.018617769668945537,2.0,0.4596361980958617,0.6369577279707662,
C(Fertilizer):C(Biochar),Dry_matter,3way_all,6.687795900504078,2.0,165.10855682547955,9.360529624611834e-15,
C(Soil):C(Fertilizer):C(Biochar),Dry_matter,3way_all,0.026833008416931214,2.0,0.6624543214112635,0.5247594306871135,
Residual,Dry_matter,3way_all,0.4860653642008226,24.0,,,
Intercept,Dry_matter,2way_fertilized,123.13376971569444,1.0,5148.807667404873,1.4041349485263898e-23,
C(Soil),Dry_matter,2way_fertilized,0.0417044891181375,1.0,1.7438627423854505,0.203195508294705,
C(Biochar),Dry_matter,2way_fertilized,0.002282224946630598,2.0,0.04771533159053672,0.953525328471508,
C(Soil):C(Biochar),Dry_matter,2way_fertilized,0.030442331407110737,2.0,0.6364692225557432,0.5406561368526916,
Residual,Dry_matter,2way_fertilized,0.4304701200850302,18.0,,,
C(Treatment),Dry_matter,1way_treatment,0.4384514071769291,7.0,3.0927156678513503,0.01801010080551175,0.06263591531098987
Residual,Dry_matter,1way_treatment,0.4860653642008226,24.0,,,0.02025272350836761
Intercept,Protein,3way_all,22510.00111111112,1.0,236.37249552353674,1.3632953567644237e-13,
C(Soil),Protein,3way_all,0.22091954022999474,1.0,0.002319826763948952,0.9620008791577106,
C(Fertilizer),Protein,3way_all,2624.854444444449,1.0,27.563010430644766,2.514072787821757e-05,
C(Biochar),Protein,3way_all,4308.790178571424,2.0,22.622821788611624,3.698353135639363e-06,
C(Soil):C(Fertilizer),Protein,3way_all,1235.2009195402213,1.0,12.970569054329006,0.0015046285773745226,
C(Soil):C(Biochar),Protein,3way_all,670.9541129032265,2.0,3.5227696628240643,0.046280715739906636,
C(Fertilizer):C(Biochar),Protein,3way_all,1071.4387500000048,2.0,5.625469538806673,0.010259744753572723,
C(Soil):C(Fertilizer):C(Biochar),Protein,3way_all,124.47969120135282,2.0,0.65356672143253,0.529580571874141,
Residual,Protein,3way_all,2190.3141666666666,23.0,,,
Intercept,Protein,2way_fertilized,22785.90250000005,1.0,184.77016877387263,1.4618267854928475e-10,
C(Soil),Protein,2way_fertilized,622.6629761904746,1.0,5.04915454632335,0.03820705363715756,
C(Biochar),Protein,2way_fertilized,150.13500000000107,2.0,0.6087200032753916,0.5554863274523567,
C(Soil):C(Biochar),Protein,2way_fertilized,38.10783333333337,2.0,0.15450761269180802,0.8580266403774315,
Residual,Protein,2way_fertilized,2096.444166666667,17.0,,,
C(Treatment),Protein,1way_treatment,3359.856801075267,7.0,5.040158008952583,0.0014153460099125927,479.9795430107524
Residual,Protein,1way_treatment,2190.3141666666675,23.0,,,95.23105072463771
Intercept,N,3way_all,577.6011111111114,1.0,238.47819929790984,1.241799663663867e-13,
C(Soil),N,3way_all,0.005747126436784486,1.0,0.0023728561760299758,0.9615693725217528,
C(Fertilizer),N,3way_all,66.69444444444461,1.0,27.536600446784817,2.529704296237465e-05,
C(Biochar),N,3way_all,110.57874999999989,2.0,22.827709879128744,3.452308570740238e-06,
C(Soil):C(Fertilizer),N,3way_all,32.50022988505723,1.0,13.418596589689738,0.0012933534591325008,
C(Soil):C(Biochar),N,3way_all,17.406236559139842,2.0,3.593317145107255,0.04385318498654913,
C(Fertilizer):C(Biochar),N,3way_all,27.894750000000133,2.0,5.7585499940163025,0.009385894262568204,
C(Soil):C(Fertilizer):C(Biochar),N,3way_all,3.435465313028749,2.0,0.7092122624431056,0.5024782360299053,
Residual,N,3way_all,55.70666666666667,23.0,,,
Intercept,N,2way_fertilized,583.2225000000011,1.0,185.90798149942222,1.3932788434742963e-10,
C(Soil),N,2way_fertilized,16.385833333333306,1.0,5.2231475983624405,0.035401484840057146,
C(Biochar),N,2way_fertilized,3.83166666666669,2.0,0.6106909590924754,0.554465703932743,
C(Soil):C(Biochar),N,2way_fertilized,1.00164583333334,2.0,0.1596422935091732,0.8537117705966909,
Residual,N,2way_fertilized,53.33166666666667,17.0,,,
C(Treatment),N,1way_treatment,86.60043010752682,7.0,5.107903369195232,0.001304155891451823,12.371490015360974
Residual,N,1way_treatment,55.70666666666667,23.0,,,2.4220289855072465
Intercept,P,3way_all,2.3796147600000013,1.0,513.7766335880661,1.0274490692648422e-17,
C(Soil),P,3way_all,0.002252323472222291,1.0,0.48629349202294925,0.4922860397310058,
C(Fertilizer),P,3way_all,0.0007728400000000706,1.0,0.1668619392418952,0.6865377326549998,
C(Biochar),P,3way_all,0.5910203857142863,2.0,63.802861971281054,2.4771238311437737e-10,
C(Soil):C(Fertilizer),P,3way_all,0.0007533668055556631,1.0,0.16265753084141382,0.6902920956701122,
C(Soil):C(Biochar),P,3way_all,0.016388862053571467,2.0,1.7692389784603504,0.19197987358925386,
C(Fertilizer):C(Biochar),P,3way_all,0.443170004,2.0,47.84186007535306,4.227795194018168e-09,
C(Soil):C(Fertilizer):C(Biochar),P,3way_all,0.01509780895833335,2.0,1.629864966287285,0.21690837159921655,
Residual,P,3way_all,0.11115872250000002,24.0,,,
Intercept,P,2way_fertilized,1.387212839999999,1.0,333.2623221307094,4.627008273450521e-13,
C(Soil),P,2way_fertilized,0.0031561512500000006,1.0,0.7582299300017595,0.39534814561600223,
C(Biochar),P,2way_fertilized,0.02611543999999991,2.0,3.1369707397839504,0.06779377857909485,
C(Soil):C(Biochar),P,2way_fertilized,0.01956545083333335,2.0,2.350190032212685,0.12392370507480564,
Residual,P,2way_fertilized,0.07492545500000003,18.0,,,
C(Treatment),P,1way_treatment,0.4751777946875004,7.0,14.656348811107865,2.80438302554329e-07,0.06788254209821434
Residual,P,1way_treatment,0.11115872250000002,24.0,,,0.0046316134375
Intercept,K,3way_all,874.001517700277,1.0,519.7699012998855,8.992876233109453e-18,
C(Soil),K,3way_all,39.663168008888924,1.0,23.587740414302992,5.979004271189989e-05,
C(Fertilizer),K,3way_all,280.9652027336113,1.0,167.09039141924274,2.640916210531392e-12,
C(Biochar),K,3way_all,48.65837595124989,2.0,14.468601457433065,7.540549854499801e-05,
C(Soil):C(Fertilizer),K,3way_all,2.6278545422221544,1.0,1.5627887004535717,0.223310033068201,
C(Soil):C(Biochar),K,3way_all,1.5465464143750223,2.0,0.45986663688555657,0.6368163799039879,
C(Fertilizer):C(Biochar),K,3way_all,37.385286997249914,2.0,11.116540726244054,0.0003829136224571228,
C(Soil):C(Fertilizer):C(Biochar),K,3way_all,17.300669056375057,2.0,5.144365808148297,0.013826678250478357,
Residual,K,3way_all,40.35638918750001,24.0,,,
Intercept,K,2way_fertilized,1207.1559592224987,1.0,681.8687271022673,9.239844120949626e-16,
C(Soil),K,2way_fertilized,35.274120245,1.0,19.92478211895836,0.00030008918559618883,
C(Biochar),K,2way_fertilized,7.796415514999936,2.0,2.201924234627219,0.13949187322935314,
C(Soil):C(Biochar),K,2way_fertilized,13.303994432499968,2.0,3.757417457023199,0.04328303258138631,
Residual,K,2way_fertilized,31.86655495750001,18.0,,,
C(Treatment),K,1way_treatment,231.6403201946875,7.0,19.67954516036427,1.6569476408592316e-08,33.09147431352678
Residual,K,1way_treatment,40.35638918750001,24.0,,,1.6815162161458337
Intercept,Ca,3way_all,1650.6709494025026,1.0,646.5007423097388,7.250244158491625e-19,
C(Soil),Ca,3way_all,17.33123000013917,1.0,6.787938604169755,0.015514960795210574,
C(Fertilizer),Ca,3way_all,263.6742678024987,1.0,103.2704973235254,3.5866099241432855e-10,
C(Biochar),Ca,3way_all,1238.3665537741074,2.0,242.50893146096453,1.2070871352170753e-16,
C(Soil):C(Fertilizer),Ca,3way_all,3.140895161249753,1.0,1.230161016646019,0.27836643250612203,
C(Soil):C(Biochar),Ca,3way_all,23.593286206964425,2.0,4.620265793085477,0.02006870620249708,
C(Fertilizer):C(Biochar),Ca,3way_all,400.5591337639174,2.0,78.44136876918309,2.976935566956195e-11,
C(Soil):C(Fertilizer):C(Biochar),Ca,3way_all,1.917201606583312,2.0,0.3754449856472575,0.6909475258891995,
Residual,Ca,3way_all,61.277737507499985,24.0,,,
Intercept,Ca,2way_fertilized,334.6265318399997,1.0,175.00890125882063,1.0341458598460849e-10,
C(Soil),Ca,2way_fertilized,3.2152676112500007,1.0,1.6815775150996943,0.21109274915295306,
C(Biochar),Ca,2way_fertilized,10.28440376166669,2.0,2.6893596758967786,0.09507494615823656,
C(Soil):C(Biochar),Ca,2way_fertilized,2.7508263633333323,2.0,0.7193379089721319,0.500555747858531,
Residual,Ca,2way_fertilized,34.41697839249999,18.0,,,
C(Treatment),Ca,1way_treatment,1581.929314477188,7.0,88.51106242250282,1.3938659863102787e-15,225.9899020681697
Residual,Ca,1way_treatment,61.277737507499985,24.0,,,2.5532390628124992
Intercept,Fe,3way_all,0.094208071111111,1.0,15.849534758020717,0.0005526090915593954,
C(Soil),Fe,3way_all,0.0028250138888888704,1.0,0.4752794033010893,0.49718037210171945,
C(Fertilizer),Fe,3way_all,0.0014694444444444544,1.0,0.24721884783878112,0.6235647452552536,
C(Biochar),Fe,3way_all,0.08456267160714281,2.0,7.113397966124092,0.0037507673150570246,
C(Soil):C(Fertilizer),Fe,3way_all,0.0346810005555555,1.0,5.834720075097505,0.02369018737471087,
C(Soil):C(Biochar),Fe,3way_all,0.031134033928571433,2.0,2.618989790833803,0.09357645720678034,
C(Fertilizer):C(Biochar),Fe,3way_all,0.004738651416666658,2.0,0.3986145743607327,0.6756115052730931,
C(Soil):C(Fertilizer):C(Biochar),Fe,3way_all,0.005668630499999974,2.0,0.4768442612213165,0.6264954232599578,
Residual,Fe,3way_all,0.14265363250000002,24.0,,,
Intercept,Fe,2way_fertilized,0.04058210249999992,1.0,7.8108617577217325,0.011969533723151113,
C(Soil),Fe,2way_fertilized,0.009961661250000005,1.0,1.9173269522199758,0.18307694573303704,
C(Biochar),Fe,2way_fertilized,0.010543461666666707,2.0,1.0146532147536242,0.3823484622358647,
C(Soil):C(Biochar),Fe,2way_fertilized,0.0027927358333333374,2.0,0.268759775568584,0.7673401934308227,
Residual,Fe,2way_fertilized,0.09352077499999999,18.0,,,
C(Treatment),Fe,1way_treatment,0.0540141046875,7.0,1.29818787524691,0.29339386969305786,0.007716300669642857
Residual,Fe,1way_treatment,0.14265363250000002,24.0,,,0.005943901354166667
Intercept,Zn,3way_all,1.3581793459220991e-05,1.0,0.6136145547331079,0.44109225285432097,
C(Soil),Zn,3way_all,1.4024732259664295e-05,1.0,0.6336261751147674,0.43383164198121,
C(Fertilizer),Zn,3way_all,1.6632181319060314e-06,1.0,0.07514286360618003,0.786336461763337,
C(Biochar),Zn,3way_all,1.3729956193855145e-05,2.0,0.31015421423146605,0.7362291860421054,
C(Soil):C(Fertilizer),Zn,3way_all,3.1365634322470326e-06,1.0,0.14170742469682668,0.7098969731093084,
C(Soil):C(Biochar),Zn,3way_all,1.6685579838532498e-05,2.0,0.37692056921001404,0.6899596718856509,
C(Fertilizer):C(Biochar),Zn,3way_all,1.7501919024045883e-06,2.0,0.03953613446250569,0.9612976891918369,
C(Soil):C(Fertilizer):C(Biochar),Zn,3way_all,2.609463388129361e-06,2.0,0.05894673335325426,0.9428930420458531,
Residual,Zn,3way_all,0.0005312179127874201,24.0,,,
Intercept,Zn,2way_fertilized,3.2283743656416113e-06,1.0,0.4599465435721325,0.5062747035801879,
C(Soil),Zn,2way_fertilized,2.1917166950903985e-06,1.0,0.3122539099321031,0.5831861271135563,
C(Biochar),Zn,2way_fertilized,9.143232435093929e-07,2.0,0.06513182300594618,0.9371637251456721,
C(Soil):C(Biochar),Zn,2way_fertilized,1.3105892252195634e-06,2.0,0.09335983314048149,0.9113038247021297,
Residual,Zn,2way_fertilized,0.00012634237476867922,18.0,,,
C(Treatment),Zn,1way_treatment,9.927653787507293e-05,7.0,0.6407477855931683,0.7180629099556872,1.4182362553581848e-05
Residual,Zn,1way_treatment,0.0005312179127874204,24.0,,,2.213407969947585e-05
Intercept,Mg,3way_all,51.81072413444449,1.0,850.2635254095247,2.990284520395344e-20,
C(Soil),Mg,3way_all,0.9619076168055445,1.0,15.785823785458767,0.0005639000560035827,
C(Fertilizer),Mg,3way_all,1.2172708899999838,1.0,19.976579281618125,0.0001600524902064195,
C(Biochar),Mg,3way_all,26.67750746142858,2.0,218.90170348162772,3.8819443858490753e-16,
C(Soil):C(Fertilizer),Mg,3way_all,0.5654275034722395,1.0,9.279206004113636,0.0055594347087196995,
C(Soil):C(Biochar),Mg,3way_all,0.6973354313392823,2.0,5.721970616594113,0.00929032285495013,
C(Fertilizer):C(Biochar),Mg,3way_all,8.564224420666667,2.0,70.27355600568909,9.269402239939595e-11,
C(Soil):C(Fertilizer):C(Biochar),Mg,3way_all,0.6830176819583379,2.0,5.604486637476376,0.010062237653964797,
Residual,Mg,3way_all,1.4624376350000001,24.0,,,
Intercept,Mg,2way_fertilized,20.894040999999977,1.0,457.6404298629829,3.0043154084957805e-14,
C(Soil),Mg,2way_fertilized,0.02945164500000004,1.0,0.645076913459297,0.4323567552539815,
C(Biochar),Mg,2way_fertilized,0.3388082600000009,2.0,3.710444469490843,0.04474411748087343,
C(Soil):C(Biochar),Mg,2way_fertilized,0.09057210583333314,2.0,0.9918966237110907,0.39025744363521225,
Residual,Mg,2way_fertilized,0.8218083750000004,18.0,,,
C(Treatment),Mg,1way_treatment,38.79494354375004,7.0,90.951731426922,1.0201828640708725e-15,5.542134791964291
Residual,Mg,1way_treatment,1.4624376350000001,24.0,,,0.060934901458333336
Intercept,N_uptake,3way_all,15624.583336111049,1.0,72.21125338850412,1.499591948770021e-08,
C(Soil),N_uptake,3way_all,164.45171334625792,1.0,0.7600371854508615,0.3923267562752725,
C(Fertilizer),N_uptake,3way_all,34999.79944544439,1.0,161.7565942037386,6.866855565812284e-12,
C(Biochar),N_uptake,3way_all,10333.10399716074,2.0,23.877961254308218,2.4411695352058355e-06,
C(Soil):C(Fertilizer),N_uptake,3way_all,299.63063538075227,1.0,1.3847859663836228,0.2513231426164636,
C(Soil):C(Biochar),N_uptake,3way_all,2257.6212479314445,2.0,5.216960237680982,0.013543038254891402,
C(Fertilizer):C(Biochar),N_uptake,3way_all,5975.2201291416495,2.0,13.807668515560321,0.00011498086842931608,
C(Soil):C(Fertilizer):C(Biochar),N_uptake,3way_all,2707.6838830116258,2.0,6.256974754655678,0.006765220024890703,
Residual,N_uptake,3way_all,4976.584671604168,23.0,,,
Intercept,N_uptake,2way_fertilized,54784.31766025009,1.0,192.81159583135863,1.0470102876131209e-10,
C(Soil),N_uptake,2way_fertilized,10.421316297618821,1.0,0.03667747837014967,0.8503919769285352,
C(Biochar),N_uptake,2way_fertilized,7079.156396166664,2.0,12.45742851402736,0.0004663241682043318,
C(Soil):C(Biochar),N_uptake,2way_fertilized,2466.2210301145824,2.0,4.3398917135210615,0.030011610358779674,
Residual,N_uptake,2way_fertilized,4830.276914666668,17.0,,,
C(Treatment),N_uptake,1way_treatment,70899.24350126678,7.0,46.810146433890914,4.060473542990657e-12,10128.463357323826
Residual,N_uptake,1way_treatment,4976.584671604168,23.0,,,216.37324659148555
Intercept,P_uptake,3way_all,1.40574796225151,1.0,98.23899113730575,5.845157435904373e-10,
C(Soil),P_uptake,3way_all,0.10852897971516216,1.0,7.584416099243182,0.011045825319700685,
C(Fertilizer),P_uptake,3way_all,1.491733093989312,1.0,104.2479577668577,3.2693562985486494e-10,
C(Biochar),P_uptake,3way_all,0.24368218717908194,2.0,8.514717029453546,0.0016046805251738845,
C(Soil):C(Fertilizer),P_uptake,3way_all,0.008169625091548512,1.0,0.5709243395795524,0.45724409726547716,
C(Soil):C(Biochar),P_uptake,3way_all,0.06624026708843615,2.0,2.3145603572532063,0.12045886964147916,
C(Fertilizer):C(Biochar),P_uptake,3way_all,0.1790717162254527,2.0,6.257104835150715,0.00650117774994487,
C(Soil):C(Fertilizer):C(Biochar),P_uptake,3way_all,0.12141337828523789,2.0,4.242413332120418,0.026446503104285084,
Residual,P_uptake,3way_all,0.3434272960609062,24.0,,,
Intercept,P_uptake,2way_fertilized,3.258948370352263,1.0,177.80062800683038,9.081701197961118e-11,
C(Soil),P_uptake,2way_fertilized,0.09914154892923183,1.0,5.4089318571444425,0.031919881220482185,
C(Biochar),P_uptake,2way_fertilized,0.24589706093100647,2.0,6.707785286859419,0.006654998767759663,
C(Soil):C(Biochar),P_uptake,2way_fertilized,0.12321841302134112,2.0,3.3612547250681617,0.05749361041173627,
Residual,P_uptake,2way_fertilized,0.3299261162569528,18.0,,,
C(Treatment),P_uptake,1way_treatment,2.384192226215483,7.0,23.802340235572895,2.4517513332619084e-09,0.3405988894593547
Residual,P_uptake,1way_treatment,0.34342729606090616,24.0,,,0.014309470669204424
Intercept,K_uptake,3way_all,30.01248736740798,1.0,678.3805089892805,4.148945734844668e-19,
C(Soil),K_uptake,3way_all,0.19104401931789824,1.0,4.3182205285981485,0.04857064111655248,
C(Fertilizer),K_uptake,3way_all,21.364646211151367,1.0,482.91097614374377,2.0910873052771147e-17,
C(Biochar),K_uptake,3way_all,0.06935826665731414,2.0,0.7838619915372008,0.46798299215836403,
C(Soil):C(Fertilizer),K_uptake,3way_all,0.039489402460648075,1.0,0.8925898281269513,0.3541914978043423,
C(Soil):C(Biochar),K_uptake,3way_all,0.0895246484039267,2.0,1.0117751289300625,0.3785614294349467,
C(Fertilizer):C(Biochar),K_uptake,3way_all,0.37027842768285074,2.0,4.184752585885664,0.027599561057076408,
C(Soil):C(Fertilizer):C(Biochar),K_uptake,3way_all,0.09694138212725373,2.0,1.0955963653486802,0.3504867336281528,
Residual,K_uptake,3way_all,1.0617930310099364,24.0,,,
Intercept,K_uptake,2way_fertilized,57.38694296204056,1.0,1327.2421662941993,2.5653961167203786e-18,
C(Soil),K_uptake,2way_fertilized,0.03196043439258205,1.0,0.7391792277029474,0.4012299950451259,
C(Biochar),K_uptake,2way_fertilized,0.18730784927842373,2.0,2.166022990670931,0.14358065343184562,
C(Soil):C(Biochar),K_uptake,2way_fertilized,0.01491107634687381,2.0,0.17243129055936798,0.8429899171979828,
Residual,K_uptake,2way_fertilized,0.7782792014518931,18.0,,,
C(Treatment),K_uptake,1way_treatment,19.48577787327585,7.0,62.92034259846043,6.748724869247432e-14,2.7836825533251215
Residual,K_uptake,1way_treatment,1.0617930310099364,24.0,,,0.044241376292080685
Intercept,Ca_uptake,3way_all,1184.590693146943,1.0,90.6628710333564,1.2689563253983055e-09,
C(Soil),Ca_uptake,3way_all,153.05734080888885,1.0,11.714272305821193,0.002230043690090023,
C(Fertilizer),Ca_uptake,3way_all,672.9795814224991,1.0,51.506618574304184,2.0398641491261824e-07,
C(Biochar),Ca_uptake,3way_all,101.49795583696437,2.0,3.8840825499607927,0.034564424268063075,
C(Soil):C(Fertilizer),Ca_uptake,3way_all,14.231823842222319,1.0,1.089235308905802,0.3070397863848589,
C(Soil):C(Biochar),Ca_uptake,3way_all,48.50049345508928,2.0,1.85599718477083,0.1780416110167,
C(Fertilizer):C(Biochar),Ca_uptake,3way_all,95.44015607191648,2.0,3.6522651289639243,0.04123334848468246,
C(Soil):C(Fertilizer):C(Biochar),Ca_uptake,3way_all,69.86798030270838,2.0,2.6736794929216017,0.08947600938748403,
Residual,Ca_uptake,3way_all,313.5812522975,24.0,,,
Intercept,Ca_uptake,2way_fertilized,2049.3547920399974,1.0,134.23802361038193,8.860816718591568e-10,
C(Soil),Ca_uptake,2way_fertilized,146.60626995124986,1.0,9.603088739727507,0.0061944069508849415,
C(Biochar),Ca_uptake,2way_fertilized,82.78064263500015,2.0,2.7111727807409496,0.09349299867638333,
C(Soil):C(Biochar),Ca_uptake,2way_fertilized,51.6418312058334,2.0,1.6913365571491352,0.21227291070158666,
Residual,Ca_uptake,2way_fertilized,274.7983415174999,18.0,,,
C(Treatment),Ca_uptake,1way_treatment,1473.2472984646865,7.0,16.107894071243678,1.1545838561469084e-07,210.4638997806695
Residual,Ca_uptake,1way_treatment,313.5812522975,24.0,,,13.065885512395832
Intercept,Fe_uptake,3way_all,0.05544229238288656,1.0,3.5254920558708642,0.07263749720450215,
C(Soil),Fe_uptake,3way_all,0.0013033618854706903,1.0,0.0828788236499783,0.775904800224649,
C(Fertilizer),Fe_uptake,3way_all,0.12856994456415385,1.0,8.175569564374541,0.008647388125492171,
C(Biochar),Fe_uptake,3way_all,0.007118248848265933,2.0,0.22631937360169185,0.799145979103736,
C(Soil):C(Fertilizer),Fe_uptake,3way_all,0.01562849401071263,1.0,0.9937924481816693,0.32876275209505335,
C(Soil):C(Biochar),Fe_uptake,3way_all,0.017536512575693736,2.0,0.5575602407122989,0.5798447240789251,
C(Fertilizer):C(Biochar),Fe_uptake,3way_all,0.019708647326415373,2.0,0.6266216330070549,0.5429113893071477,
C(Soil):C(Fertilizer):C(Biochar),Fe_uptake,3way_all,0.014215383517325852,2.0,0.45196743774035714,0.6416810836300921,
Residual,Fe_uptake,3way_all,0.37742675238012696,24.0,,,
Intercept,Fe_uptake,2way_fertilized,0.1984892179159502,1.0,9.677706830365102,0.006033670802122839,
C(Soil),Fe_uptake,2way_fertilized,0.004446743017275013,1.0,0.21680913312572714,0.6470664807976025,
C(Biochar),Fe_uptake,2way_fertilized,0.01795891638073823,2.0,0.43780999680653127,0.652141017202366,
C(Soil):C(Biochar),Fe_uptake,2way_fertilized,0.00997200996377452,2.0,0.24310184188381168,0.7867249822373779,
Residual,Fe_uptake,2way_fertilized,0.3691789785651438,18.0,,,
C(Treatment),Fe_uptake,1way_treatment,0.2944863847095509,7.0,2.67513523710574,0.03383190598031769,0.04206948352993584
Residual,Fe_uptake,1way_treatment,0.3774267523801269,24.0,,,0.015726114682505288
Intercept,Zn_uptake,3way_all,5.433914614211105e-06,1.0,0.14951679827591585,0.7024047450701881,
C(Soil),Zn_uptake,3way_all,3.587201795152565e-06,1.0,0.09870359865025154,0.7561056711202377,
C(Fertilizer),Zn_uptake,3way_all,9.285254370310854e-06,1.0,0.2554882811363217,0.6178476028559587,
C(Biochar),Zn_uptake,3way_all,3.484496436453917e-06,2.0,0.04793880542582516,0.9532831507373144,
C(Soil):C(Fertilizer),Zn_uptake,3way_all,7.80853727344928e-06,1.0,0.214855693405809,0.6471642210053484,
C(Soil):C(Biochar),Zn_uptake,3way_all,7.760748640507078e-06,2.0,0.1067703829867086,0.8991564927564785,
C(Fertilizer):C(Biochar),Zn_uptake,3way_all,4.0589957596680904e-06,2.0,0.05584261929824229,0.9458104615804764,
C(Soil):C(Fertilizer):C(Biochar),Zn_uptake,3way_all,2.9912940178096262e-05,2.0,0.41153453449114163,0.6672202096555169,
Residual,Zn_uptake,3way_all,0.0008722361115598713,24.0,,,
Intercept,Zn_uptake,2way_fertilized,1.6270619026564673e-05,1.0,0.35479844833260776,0.5588252040209823,
C(Soil),Zn_uptake,2way_fertilized,4.560149340624766e-07,1.0,0.009943898923434117,0.9216695642469274,
C(Biochar),Zn_uptake,2way_fertilized,4.355397160218523e-06,2.0,0.047487073226741436,0.9537418580842546,
C(Soil):C(Biochar),Zn_uptake,2way_fertilized,3.2225753073967176e-05,2.0,0.3513587027121052,0.7084515253834739,
Residual,Zn_uptake,2way_fertilized,0.0008254577883711894,18.0,,,
C(Treatment),Zn_uptake,1way_treatment,0.00018315540302597493,7.0,0.7199442599095355,0.6563026117620956,2.6165057575139275e-05
Residual,Zn_uptake,1way_treatment,0.0008722361115598713,24.0,,,3.634317131499464e-05
Intercept,Mg_uptake,3way_all,8.705719884010671,1.0,307.58789866514184,3.448918192864792e-15,
C(Soil),Mg_uptake,3way_all,0.21080102682406401,1.0,7.447959013286876,0.011698104963083662,
C(Fertilizer),Mg_uptake,3way_all,4.453182655284932,1.0,157.33852151926993,4.9691124649848096e-12,
C(Biochar),Mg_uptake,3way_all,0.18973955304704818,2.0,3.351910651443907,0.05202663568293633,
C(Soil):C(Fertilizer),Mg_uptake,3way_all,9.13949131090722e-05,1.0,0.0032291378135809873,0.9551546570256061,
C(Soil):C(Biochar),Mg_uptake,3way_all,0.02253616874348652,2.0,0.39812059658061316,0.675934596386078,
C(Fertilizer):C(Biochar),Mg_uptake,3way_all,0.19709264357290932,2.0,3.481809252230395,0.04702344087237324,
C(Soil):C(Fertilizer):C(Biochar),Mg_uptake,3way_all,0.07911858009681615,2.0,1.39769703836014,0.2665711330911247,
Residual,Mg_uptake,3way_all,0.679276649448805,24.0,,,
Intercept,Mg_uptake,2way_fertilized,14.40659205839866,1.0,455.08597863591626,3.15380670174266e-14,
C(Soil),Mg_uptake,2way_fertilized,0.11368900075757837,1.0,3.591291400504392,0.0742604964581938,
C(Biochar),Mg_uptake,2way_fertilized,0.0551476516856857,2.0,0.8710222006398132,0.43543509274490766,
C(Soil):C(Biochar),Mg_uptake,2way_fertilized,0.025564481558197835,2.0,0.40377478105413417,0.6736938942593096,
Residual,Mg_uptake,2way_fertilized,0.5698234382620682,18.0,,,
C(Treatment),Mg_uptake,1way_treatment,3.7819699513201632,7.0,19.089062062318476,2.2371258858855964e-08,0.5402814216171662
Residual,Mg_uptake,1way_treatment,0.679276649448805,24.0,,,0.02830319372703354
Intercept,Acid_phosphomonosterase,3way_all,70.59523670479382,1.0,1370.4212324310035,1.097985935542616e-22,
C(Soil),Acid_phosphomonosterase,3way_all,5.160860211169157,1.0,100.18455551852125,4.827794602423963e-10,
C(Fertilizer),Acid_phosphomonosterase,3way_all,8.684054612145449,1.0,168.5781276411015,2.4050114186641504e-12,
C(Biochar),Acid_phosphomonosterase,3way_all,10.553223759934907,2.0,102.43157035995934,1.7685797912290784e-12,
C(Soil):C(Fertilizer),Acid_phosphomonosterase,3way_all,0.31505609880853647,1.0,6.115987244572545,0.020866542298983878,
C(Soil):C(Biochar),Acid_phosphomonosterase,3way_all,0.8520800202751837,2.0,8.270448588467284,0.001852740669661425,
C(Fertilizer):C(Biochar),Acid_phosphomonosterase,3way_all,4.038341506508794,2.0,39.19690054634558,2.749482228213339e-08,
C(Soil):C(Fertilizer):C(Biochar),Acid_phosphomonosterase,3way_all,0.552953188027423,2.0,5.367067416899361,0.011842872959038072,
Residual,Acid_phosphomonosterase,3way_all,1.2363247451366044,24.0,,,
Intercept,Acid_phosphomonosterase,2way_fertilized,72.44949438383782,1.0,3500.9585274690153,4.456585591416495e-22,
C(Soil),Acid_phosphomonosterase,2way_fertilized,4.51472592465082,1.0,218.1639548973544,1.668187840173582e-11,
C(Biochar),Acid_phosphomonosterase,2way_fertilized,0.036730150569377756,2.0,0.8874508714292025,0.4289666581919886,
C(Soil):C(Biochar),Acid_phosphomonosterase,2way_fertilized,0.0524601588623039,2.0,1.2675094704479644,0.30548970281360843,
Residual,Acid_phosphomonosterase,2way_fertilized,0.37249538624265305,18.0,,,
C(Treatment),Acid_phosphomonosterase,1way_treatment,20.8422888160437,7.0,57.79976193295844,1.7508253896167997e-13,2.9774698308633853
Residual,Acid_phosphomonosterase,1way_treatment,1.2363247451366044,24.0,,,0.051513531047358514
Intercept,Dehydrogenase,3way_all,34.02777777777778,1.0,22.690182225108142,7.57842512512915e-05,
C(Soil),Dehydrogenase,3way_all,6.607824222222238,1.0,4.406186518933402,0.046508638305462965,
C(Fertilizer),Dehydrogenase,3way_all,4.08578844444444,1.0,2.7244589682911653,0.11184905193136217,
C(Biochar),Dehydrogenase,3way_all,9.006799500000016,2.0,3.002927832294072,0.06855872148098678,
C(Soil):C(Fertilizer),Dehydrogenase,3way_all,2.192418000000011,1.0,1.4619339604978498,0.2383997487537624,
C(Soil):C(Biochar),Dehydrogenase,3way_all,1.5006350089285734,2.0,0.5003218551080735,0.6125204733961467,
C(Fertilizer):C(Biochar),Dehydrogenase,3way_all,0.992805899999996,2.0,0.3310081976595291,0.7214262072789407,
C(Soil):C(Fertilizer):C(Biochar),Dehydrogenase,3way_all,0.16845557083333074,2.0,0.05616422594511997,0.9455077440978283,
Residual,Dehydrogenase,3way_all,35.992071749999994,24.0,,,
Intercept,Dehydrogenase,2way_fertilized,34.703880999999974,1.0,31.79085695977588,2.3834623615161425e-05,
C(Soil),Dehydrogenase,2way_fertilized,9.232104499999995,1.0,8.45716689718949,0.009379387507863941,
C(Biochar),Dehydrogenase,2way_fertilized,0.9228660000000019,2.0,0.4227005763280569,0.6616130570135845,
C(Soil):C(Biochar),Dehydrogenase,2way_fertilized,0.5026232499999991,2.0,0.23021667008090038,0.7966646062206432,
Residual,Dehydrogenase,2way_fertilized,19.649355749999994,18.0,,,
C(Treatment),Dehydrogenase,1way_treatment,34.67665796874999,7.0,3.303266329757746,0.01321194634077828,4.953808281249999
Residual,Dehydrogenase,1way_treatment,35.99207175000001,24.0,,,1.4996696562500003
Intercept,pH,3way_all,260.3920111111111,1.0,11635.465028238066,9.3350414118512e-34,
C(Soil),pH,3way_all,10.595338888888925,1.0,473.446533854653,2.622917143941286e-17,
C(Fertilizer),pH,3way_all,25.70490000000005,1.0,1148.6084528020872,8.793314898237644e-22,
C(Biochar),pH,3way_all,36.7561160714286,2.0,821.2127962337424,7.963496242260989e-23,
C(Soil):C(Fertilizer),pH,3way_all,0.5796055555555812,1.0,25.899335939925425,3.316934924670725e-05,
C(Soil):C(Biochar),pH,3way_all,2.8695080357142952,2.0,64.11114583610414,2.3593687899939055e-10,
C(Fertilizer):C(Biochar),pH,3way_all,19.735687499999973,2.0,440.9388382051753,1.1959147191480648e-19,
C(Soil):C(Fertilizer):C(Biochar),pH,3way_all,0.6510470833333316,2.0,14.54582945447771,7.281474846991205e-05,
Residual,pH,3way_all,0.5371000000000001,24.0,,,
Intercept,pH,2way_fertilized,252.96902499999993,1.0,11466.018130311602,1.0597155153840448e-26,
C(Soil),pH,2way_fertilized,9.0738,1.0,411.2770538243624,7.576076056876758e-14,
C(Biochar),pH,2way_fertilized,0.12541666666666473,2.0,2.8423040604343264,0.08457786446315824,
C(Soil):C(Biochar),pH,2way_fertilized,0.12317500000000153,2.0,2.791501416430628,0.08791452165810824,
Residual,pH,2way_fertilized,0.3971250000000003,18.0,,,
C(Treatment),pH,1way_treatment,46.08749999999997,7.0,294.1990052397795,1.1183977277022025e-21,6.583928571428567
Residual,pH,1way_treatment,0.5371,24.0,,,0.02237916666666667
Intercept,EC,3way_all,183.71056388852597,1.0,5790.852775194163,3.946489603687043e-30,
C(Soil),EC,3way_all,0.21488047652754808,1.0,6.773378609787795,0.015613380120832713,
C(Fertilizer),EC,3way_all,27.274128107779003,1.0,859.7244333742838,2.627592621490802e-20,
C(Biochar),EC,3way_all,24.40883104538381,2.0,384.70282820582656,5.869368707147444e-19,
C(Soil):C(Fertilizer),EC,3way_all,0.005761820452004734,1.0,0.18162185803810507,0.6737811260309113,
C(Soil):C(Biochar),EC,3way_all,0.6384993313718984,2.0,10.063263502032905,0.0006700973969420572,
C(Fertilizer):C(Biochar),EC,3way_all,9.489487594740757,2.0,149.5619642388111,2.8190673871811036e-14,
C(Soil):C(Fertilizer):C(Biochar),EC,3way_all,0.0604836134360014,2.0,0.9532704415739789,0.39959657524775344,
Residual,EC,3way_all,0.7613824257821494,24.0,,,
Intercept,EC,2way_fertilized,198.31224652069128,1.0,5982.4961995402355,3.652835772381652e-24,
C(Soil),EC,2way_fertilized,0.1636963114467126,1.0,4.938235425649996,0.03932538547297069,
C(Biochar),EC,2way_fertilized,0.06295118195579842,2.0,0.9495258447587503,0.40547223850446534,
C(Soil):C(Biochar),EC,2way_fertilized,0.39153532345661407,2.0,5.905733573343783,0.010666020054307718,
Residual,EC,2way_fertilized,0.5966774266646043,18.0,,,
C(Treatment),EC,1way_treatment,3.649320959738282,7.0,16.433210371768578,9.545181856982834e-08,0.5213315656768974
Residual,EC,1way_treatment,0.7613824257821494,24.0,,,0.03172426774092289
Intercept,Plant_height_20DAT,3way_all,4494.80854444444,1.0,1739.1762190679337,6.562116728735881e-24,
C(Soil),Plant_height_20DAT,3way_all,31.126049999999804,1.0,12.043602173095465,0.0019822438994643735,
C(Fertilizer),Plant_height_20DAT,3way_all,1550.5218777777782,1.0,599.9434125639658,1.7216936736517927e-18,
C(Biochar),Plant_height_20DAT,3way_all,129.717601785714,2.0,25.095815093067824,1.313033888704629e-06,
C(Soil):C(Fertilizer),Plant_height_20DAT,3way_all,11.988672222221949,1.0,4.638776806825229,0.04151492485095068,
C(Soil):C(Biochar),Plant_height_20DAT,3way_all,19.91509374999993,2.0,3.852873499285977,0.035389874557428015,
C(Fertilizer):C(Biochar),Plant_height_20DAT,3way_all,251.62355416666526,2.0,48.680349478389864,3.5776518179573314e-09,
C(Soil):C(Fertilizer):C(Biochar),Plant_height_20DAT,3way_all,50.38100708333304,2.0,9.746961249364627,0.000796878271864345,
Residual,Plant_height_20DAT,3way_all,62.026725000000035,24.0,,,
Intercept,Plant_height_20DAT,2way_fertilized,6370.434224999994,1.0,2394.081306779475,1.3355602624571385e-20,
C(Soil),Plant_height_20DAT,2way_fertilized,2.520012499999998,1.0,0.9470492286733585,0.34336885523407473,
C(Biochar),Plant_height_20DAT,2way_fertilized,74.76261666666639,2.0,14.048318896784924,0.000211071354436456,
C(Soil):C(Biochar),Plant_height_20DAT,2way_fertilized,29.946108333333434,2.0,5.627043278327445,0.012640774021570994,
Residual,Plant_height_20DAT,2way_fertilized,47.89637500000004,18.0,,,
C(Treatment),Plant_height_20DAT,1way_treatment,1102.9228468749989,7.0,60.964846374111794,9.626709017628766e-14,157.5604066964284
Residual,Plant_height_20DAT,1way_treatment,62.026725000000035,24.0,,,2.5844468750000016
Intercept,Stem_diameter_20DAT,3way_all,85.74759999999996,1.0,976.9486826489431,5.885258801080345e-21,
C(Soil),Stem_diameter_20DAT,3way_all,0.2787555555555554,1.0,3.175947464198115,0.08738777725143848,
C(Fertilizer),Stem_diameter_20DAT,3way_all,12.912044444444453,1.0,147.1108790252394,1.0014856088775899e-11,
C(Biochar),Stem_diameter_20DAT,3way_all,8.551316071428568,2.0,48.713882201349534,3.55401215345962e-09,
C(Soil):C(Fertilizer),Stem_diameter_20DAT,3way_all,0.0010888888888883714,1.0,0.012406044782017995,0.9122393777018292,
C(Soil):C(Biochar),Stem_diameter_20DAT,3way_all,0.004628571428571626,2.0,0.026367366315148112,0.9740053910175316,
C(Fertilizer):C(Biochar),Stem_diameter_20DAT,3way_all,5.830114166666648,2.0,33.21213861856148,1.2221213948158734e-07,
C(Soil):C(Fertilizer):C(Biochar),Stem_diameter_20DAT,3way_all,0.1738533333333306,2.0,0.9903821504865733,0.386110689062716,
Residual,Stem_diameter_20DAT,3way_all,2.1065000000000005,24.0,,,
Intercept,Stem_diameter_20DAT,2way_fertilized,92.92959999999992,1.0,1189.9219633647504,6.76565654256829e-18,
C(Soil),Stem_diameter_20DAT,2way_fertilized,0.13781249999999998,1.0,1.7646274230837617,0.20064584935980367,
C(Biochar),Stem_diameter_20DAT,2way_fertilized,0.1756499999999986,2.0,1.1245598434999016,0.34657499008000664,
C(Soil):C(Biochar),Stem_diameter_20DAT,2way_fertilized,0.09900833333333336,2.0,0.6338787124310865,0.5419659668364855,
Residual,Stem_diameter_20DAT,2way_fertilized,1.4057500000000007,18.0,,,
C(Treatment),Stem_diameter_20DAT,1way_treatment,1.7110499999999933,7.0,2.784930995897042,0.028607144660435783,0.24443571428571334
Residual,Stem_diameter_20DAT,1way_treatment,2.1065000000000005,24.0,,,0.08777083333333335
Intercept,SPAD_20DAT,3way_all,8109.602844444434,1.0,1102.459233614341,1.424211632458789e-21,
C(Soil),SPAD_20DAT,3way_all,0.33211249999995646,1.0,0.04514900411855842,0.8335246434134925,
C(Fertilizer),SPAD_20DAT,3way_all,3304.716844444442,1.0,449.25943594568423,4.776043001379417e-17,
C(Biochar),SPAD_20DAT,3way_all,295.2511160714283,2.0,20.068943288072017,7.536316987638832e-06,
C(Soil):C(Fertilizer),SPAD_20DAT,3way_all,34.29300138888829,1.0,4.661959007700252,0.04105114197495131,
C(Soil):C(Biochar),SPAD_20DAT,3way_all,6.722184821428495,2.0,0.45692340726173486,0.638624275166306,
C(Fertilizer):C(Biochar),SPAD_20DAT,3way_all,182.65368749999857,2.0,12.415419608127364,0.00019870309966549702,
C(Soil):C(Fertilizer):C(Biochar),SPAD_20DAT,3way_all,10.901486249999806,2.0,0.7410007867811566,0.48722822871248045,
Residual,SPAD_20DAT,3way_all,176.54210000000006,24.0,,,
Intercept,SPAD_20DAT,2way_fertilized,12244.529024999987,1.0,1583.0838349869148,5.348221845334889e-19,
C(Soil),SPAD_20DAT,2way_fertilized,15.680000000000003,1.0,2.0272527005255605,0.17160415479240962,
C(Biochar),SPAD_20DAT,2way_fertilized,2.4304166666665683,2.0,0.15711316169968526,0.8557666442018375,
C(Soil):C(Biochar),SPAD_20DAT,2way_fertilized,1.7689583333333374,2.0,0.11435349357038271,0.8925853811305211,
Residual,SPAD_20DAT,2way_fertilized,139.2229,18.0,,,
C(Treatment),SPAD_20DAT,1way_treatment,1993.4235874999983,7.0,38.71368448173466,1.4552503682768175e-11,284.77479821428545
Residual,SPAD_20DAT,1way_treatment,176.54210000000006,24.0,,,7.355920833333336
Intercept,NDVI_20DAT,3way_all,0.11182786108771463,1.0,44.272577592303094,6.986980815442434e-07,
C(Soil),NDVI_20DAT,3way_all,3.857225442163723e-06,1.0,0.0015270730479701512,0.9691516280559597,
C(Fertilizer),NDVI_20DAT,3way_all,0.009039546878239033,1.0,3.578750739515531,0.07065022436910862,
C(Biochar),NDVI_20DAT,3way_all,0.02331480224645815,2.0,4.615157535275969,0.02014287196528907,
C(Soil):C(Fertilizer),NDVI_20DAT,3way_all,1.3502369622019256e-05,1.0,0.005345579365967827,0.9423217617647973,
C(Soil):C(Biochar),NDVI_20DAT,3way_all,7.929070462153784e-05,2.0,0.015695569237222366,0.9844370603127033,
C(Fertilizer):C(Biochar),NDVI_20DAT,3way_all,0.00668288176973912,2.0,1.3228742766478032,0.2851016935258124,
C(Soil):C(Fertilizer):C(Biochar),NDVI_20DAT,3way_all,3.188386644640949e-05,2.0,0.006311401011614133,0.9937101227665586,
Residual,NDVI_20DAT,3way_all,0.06062146845888071,24.0,,,
Intercept,NDVI_20DAT,2way_fertilized,0.10375642805384158,1.0,50.1316444371291,1.3326024526709716e-06,
C(Soil),NDVI_20DAT,2way_fertilized,1.6459126453596987e-06,1.0,0.0007952500780860483,0.9778128055532679,
C(Biochar),NDVI_20DAT,2way_fertilized,0.00040733237455824824,2.0,0.09840470683170137,0.9067662091412519,
C(Soil):C(Biochar),NDVI_20DAT,2way_fertilized,4.7712747797552945e-05,2.0,0.011526603953945473,0.9885468633027608,
Residual,NDVI_20DAT,2way_fertilized,0.03725422786223092,18.0,,,
C(Treatment),NDVI_20DAT,1way_treatment,0.0012113604418770474,7.0,0.06851097319654056,0.9993585352707037,0.00017305149169672107
Residual,NDVI_20DAT,1way_treatment,0.06062146845888071,24.0,,,0.0025258945191200294
Intercept,Plant_height_35DAT,3way_all,8657.372024999988,1.0,1502.9569955027428,3.6906158459157167e-23,
C(Soil),Plant_height_35DAT,3way_all,29.414449999999608,1.0,5.106474952064351,0.03319131786788833,
C(Fertilizer),Plant_height_35DAT,3way_all,4777.804802777775,1.0,829.4474501898825,3.994267841665762e-20,
C(Biochar),Plant_height_35DAT,3way_all,85.4682535714282,2.0,7.4188280940012215,0.0031009784406219438,
C(Soil):C(Fertilizer),Plant_height_35DAT,3way_all,17.033338888888686,1.0,2.9570608454733933,0.09837588268941053,
C(Soil):C(Biochar),Plant_height_35DAT,3way_all,45.893322321428265,2.0,3.9836390090821405,0.032067640283911666,
C(Fertilizer):C(Biochar),Plant_height_35DAT,3way_all,199.7209849999982,2.0,17.336210728130634,2.1944553736177457e-05,
C(Soil):C(Fertilizer):C(Biochar),Plant_height_35DAT,3way_all,45.93604708333305,2.0,3.98734761023735,0.0319784889295521,
Residual,Plant_height_35DAT,3way_all,138.24542499999995,24.0,,,
Intercept,Plant_height_35DAT,2way_fertilized,14792.640624999984,1.0,3858.028554051766,1.8670432313529187e-22,
C(Soil),Plant_height_35DAT,2way_fertilized,0.945312500000003,1.0,0.2465443939291316,0.625528126174309,
C(Biochar),Plant_height_35DAT,2way_fertilized,64.05846666666623,2.0,8.353457634571985,0.00271461600975173,
C(Soil):C(Biochar),Plant_height_35DAT,2way_fertilized,27.81902500000023,2.0,3.6277022986178626,0.04745298890043731,
Residual,Plant_height_35DAT,2way_fertilized,69.01647499999996,18.0,,,
C(Treatment),Plant_height_35DAT,1way_treatment,3849.6803218749965,7.0,95.47443584996955,5.840650228002662e-16,549.9543316964281
Residual,Plant_height_35DAT,1way_treatment,138.24542499999995,24.0,,,5.760226041666665
Intercept,Stem_diameter_35DAT,3way_all,99.9000249999999,1.0,1366.2709633301974,1.1379984225863645e-22,
C(Soil),Stem_diameter_35DAT,3way_all,0.24383472222222136,1.0,3.334776951496317,0.08029673091088639,
C(Fertilizer),Stem_diameter_35DAT,3way_all,26.12913611111111,1.0,357.3520623795005,6.411109318245541e-16,
C(Biochar),Stem_diameter_35DAT,3way_all,5.453339285714282,2.0,37.29097725080285,4.334767504100349e-08,
C(Soil):C(Fertilizer),Stem_diameter_35DAT,3way_all,0.017734722222224844,1.0,0.24254684635917384,0.6268480148325202,
C(Soil):C(Biochar),Stem_diameter_35DAT,3way_all,0.03333482142857177,2.0,0.2279498858266297,0.7978681896693498,
C(Fertilizer):C(Biochar),Stem_diameter_35DAT,3way_all,5.11193166666664,2.0,34.956366641023266,7.759632131891696e-08,
C(Soil):C(Fertilizer):C(Biochar),Stem_diameter_35DAT,3way_all,0.11338958333333209,2.0,0.7753796620793714,0.471725297302195,
Residual,Stem_diameter_35DAT,3way_all,1.7548500000000002,24.0,,,
Intercept,Stem_diameter_35DAT,2way_fertilized,128.36889999999985,1.0,3348.99659395608,6.631180190786476e-22,
C(Soil),Stem_diameter_35DAT,2way_fertilized,0.22111250000000035,1.0,5.768570186245388,0.02732656734383946,
C(Biochar),Stem_diameter_35DAT,2way_fertilized,0.4630499999999983,2.0,6.04022030581924,0.009837727874506659,
C(Soil):C(Biochar),Stem_diameter_35DAT,2way_fertilized,0.08465833333333302,2.0,1.1043191535618482,0.3528735340947323,
Residual,Stem_diameter_35DAT,2way_fertilized,0.6899500000000001,18.0,,,
C(Treatment),Stem_diameter_35DAT,1way_treatment,8.829437499999985,7.0,17.25068076636584,5.993407108900244e-08,1.2613482142857122
Residual,Stem_diameter_35DAT,1way_treatment,1.75485,24.0,,,0.07311875
Intercept,SPAD_35DAT,3way_all,56.41500827449573,1.0,8172.530295784295,6.41023394351557e-32,
C(Soil),SPAD_35DAT,3way_all,0.05742349631265592,1.0,8.31862438132795,0.008157238453170427,
C(Fertilizer),SPAD_35DAT,3way_all,9.606235346430323,1.0,1391.602195911182,9.161728874710021e-23,
C(Biochar),SPAD_35DAT,3way_all,6.50551830523906,2.0,471.20923195345176,5.502401480238168e-20,
C(Soil):C(Fertilizer),SPAD_35DAT,3way_all,0.133531769985605,1.0,19.344009139327056,0.000191895845281676,
C(Soil):C(Biochar),SPAD_35DAT,3way_all,0.13058946939741253,2.0,9.45888716144383,0.0009351657647179807,
C(Fertilizer):C(Biochar),SPAD_35DAT,3way_all,2.8051941864346728,2.0,203.1864850807758,9.04471844039123e-16,
C(Soil):C(Fertilizer):C(Biochar),SPAD_35DAT,3way_all,0.049577581046198756,2.0,3.591015010760293,0.04321975259334491,
Residual,SPAD_35DAT,3way_all,0.1656720929240632,24.0,,,
Intercept,SPAD_35DAT,2way_fertilized,63.32640458640781,1.0,9231.939758409284,7.427763741608685e-26,
C(Soil),SPAD_35DAT,2way_fertilized,0.008900222776598889,1.0,1.297504904101552,0.26960243759713154,
C(Biochar),SPAD_35DAT,2way_fertilized,0.0029585842514971003,2.0,0.21565626343692762,0.8080647778579609,
C(Soil):C(Biochar),SPAD_35DAT,2way_fertilized,0.0006437147309915274,2.0,0.046921467095180296,0.9542786367551082,
Residual,SPAD_35DAT,2way_fertilized,0.12347083195782765,18.0,,,
C(Treatment),SPAD_35DAT,1way_treatment,1.7487698850311055,7.0,36.19066046151776,3.013383568738707e-11,0.24982426929015794
Residual,SPAD_35DAT,1way_treatment,0.1656720929240632,24.0,,,0.006903003871835967
Intercept,NDVI_35DAT,3way_all,0.695175284638275,1.0,707.6476021659297,2.5403931515815847e-19,
C(Soil),NDVI_35DAT,3way_all,0.00011618340965288118,1.0,0.11826788591182977,0.7339155616199029,
C(Fertilizer),NDVI_35DAT,3way_all,0.08233553990965715,1.0,83.81274288314674,2.6780436590143657e-09,
C(Biochar),NDVI_35DAT,3way_all,0.09390762268772627,2.0,47.79622167857315,4.266679621181788e-09,
C(Soil):C(Fertilizer),NDVI_35DAT,3way_all,3.80843615157992e-06,1.0,0.0038767642783357785,0.9508685076705156,
C(Soil):C(Biochar),NDVI_35DAT,3way_all,3.0750246078726036e-05,2.0,0.01565097205300204,0.9844809071427478,
C(Fertilizer):C(Biochar),NDVI_35DAT,3way_all,0.0459939628427008,2.0,23.40957614501625,2.2947015738432877e-06,
C(Soil):C(Fertilizer):C(Biochar),NDVI_35DAT,3way_all,8.300237952579424e-05,2.0,0.04224577321966895,0.9587052674322738,
Residual,NDVI_35DAT,3way_all,0.023576999032078223,24.0,,,
Intercept,NDVI_35DAT,2way_fertilized,0.7064991997526707,1.0,1102.2792100471893,1.3333816247323517e-17,
C(Soil),NDVI_35DAT,2way_fertilized,4.38308812272034e-05,1.0,0.06838488869018894,0.7966718776214649,
C(Biochar),NDVI_35DAT,2way_fertilized,8.26244788018788e-05,2.0,0.06445530671243441,0.9377934113578703,
C(Soil):C(Biochar),NDVI_35DAT,2way_fertilized,4.2722519951910366e-05,2.0,0.03332781237424114,0.9672809806023036,
Residual,NDVI_35DAT,2way_fertilized,0.011536991244717071,18.0,,,
C(Treatment),NDVI_35DAT,1way_treatment,0.0003907760565639597,7.0,0.05682672424434103,0.9996530036637047,5.582515093770853e-05
Residual,NDVI_35DAT,1way_treatment,0.023576999032078223,24.0,,,0.000982374959669926
Intercept,Flower_buds,3way_all,2.35222042801337,1.0,35.94344276722626,3.447046179631759e-06,
C(Soil),Flower_buds,3way_all,0.08702605789515495,1.0,1.329814201917152,0.2601943461829496,
C(Fertilizer),Flower_buds,3way_all,4.3485605743449804,1.0,66.44880567413257,2.2600533429664462e-08,
C(Biochar),Flower_buds,3way_all,0.19023229484486862,2.0,1.4534359792142282,0.25361582897334495,
C(Soil):C(Fertilizer),Flower_buds,3way_all,0.12249528359175994,1.0,1.8718068096849925,0.18394196498705323,
C(Soil):C(Biochar),Flower_buds,3way_all,0.15995825695210128,2.0,1.2221325827781742,0.31228912483097243,
C(Fertilizer):C(Biochar),Flower_buds,3way_all,0.10383847386795414,2.0,0.7933593718640459,0.4638309851294711,
C(Soil):C(Fertilizer):C(Biochar),Flower_buds,3way_all,0.07529036682932702,2.0,0.5752426428289662,0.5701360057888006,
Residual,Flower_buds,3way_all,1.5706144410795226,24.0,,,
Intercept,Flower_buds,2way_fertilized,7.367215279220782,1.0,424.4865338373828,5.764061954670777e-14,
C(Soil),Flower_buds,2way_fertilized,0.0017010346959472778,1.0,0.09801075367735937,0.7578284011941441,
C(Biochar),Flower_buds,2way_fertilized,0.06979411156440693,2.0,2.0107095678197866,0.16287139617822569,
C(Soil):C(Biochar),Flower_buds,2way_fertilized,0.01721657812660588,2.0,0.49599511460702206,0.6170469959366601,
Residual,Flower_buds,2way_fertilized,0.312400663990853,18.0,,,
C(Treatment),Flower_buds,1way_treatment,7.59793775366423,7.0,16.585911613274416,8.738482076380551e-08,1.08541967909489
Residual,Flower_buds,1way_treatment,1.5706144410795226,24.0,,,0.06544226837831345
Intercept,Above_ground_biomass,3way_all,12.055887382793047,1.0,1366.4875067241182,1.1358721376040863e-22,
C(Soil),Above_ground_biomass,3way_all,0.24337499637209548,1.0,27.585600415126653,2.1972268797734863e-05,
C(Fertilizer),Above_ground_biomass,3way_all,8.13930849930408,1.0,922.5586656977969,1.1513822764742781e-20,
C(Biochar),Above_ground_biomass,3way_all,0.16691722383773488,2.0,9.459706025326819,0.0009347376436006294,
C(Soil):C(Fertilizer),Above_ground_biomass,3way_all,0.025284679254907263,1.0,2.865919132810663,0.10341713040595123,
C(Soil):C(Biochar),Above_ground_biomass,3way_all,0.1393065083956151,2.0,7.894922923702059,0.002318824183699484,
C(Fertilizer):C(Biochar),Above_ground_biomass,3way_all,0.3534202181883306,2.0,20.02939715028176,7.648737878284795e-06,
C(Soil):C(Fertilizer):C(Biochar),Above_ground_biomass,3way_all,0.18109320492313505,2.0,10.263101927830217,0.0006013770587748301,
Residual,Above_ground_biomass,3way_all,0.2117409019572168,24.0,,,
Intercept,Above_ground_biomass,2way_fertilized,22.50391995589326,1.0,2663.3061636987186,5.151407748602182e-21,
C(Soil),Above_ground_biomass,2way_fertilized,0.06287015071806173,1.0,7.440590805880107,0.013812234526111796,
C(Biochar),Above_ground_biomass,2way_fertilized,0.2595915925701462,2.0,15.361143522806177,0.00012820458323820294,
C(Soil):C(Biochar),Above_ground_biomass,2way_fertilized,0.08739566570492403,2.0,5.171574899143783,0.016804265592030066,
Residual,Above_ground_biomass,2way_fertilized,0.15209312572743383,18.0,,,
C(Treatment),Above_ground_biomass,1way_treatment,8.984811487478169,7.0,145.48473002770294,4.423412199100855e-18,1.283544498211167
Residual,Above_ground_biomass,1way_treatment,0.21174090195721684,24.0,,,0.008822537581550702
Intercept,PFPN,2way_fertilized,84.15218318976576,1.0,8293.879510629544,1.9447244310205212e-25,
C(Soil),PFPN,2way_fertilized,0.07663669665729621,1.0,7.553167417355627,0.013220126541559492,
C(Biochar),PFPN,2way_fertilized,0.3019191310918299,2.0,14.87828835992777,0.00015351607288132535,
C(Soil):C(Biochar),PFPN,2way_fertilized,0.1001265136169359,2.0,4.934139604468806,0.019564158322122868,
Residual,PFPN,2way_fertilized,0.18263338591722658,18.0,,,
C(Treatment),PFPN,1way_treatment,0.8807717117229651,5.0,17.36143775837206,2.4930508774689593e-06,0.176154342344593
Residual,PFPN,1way_treatment,0.18263338591722664,18.0,,,0.010146299217623701
Intercept,Agronomic_NUE,2way_fertilized,17835.60249999998,1.0,170.72923017095655,1.2667113015615907e-10,
C(Soil),Agronomic_NUE,2way_fertilized,11.519999999999925,1.0,0.11027385991414694,0.7436682010320593,
C(Biochar),Agronomic_NUE,2way_fertilized,4101.302916666664,2.0,19.62962253897504,2.9980714944098343e-05,
C(Soil):C(Biochar),Agronomic_NUE,2way_fertilized,1573.4068750000006,2.0,7.530627140699084,0.004203186041716077,
Residual,Agronomic_NUE,2way_fertilized,1880.4093750000004,18.0,,,
C(Treatment),Agronomic_NUE,1way_treatment,5567.20552083333,5.0,10.658285446486879,6.989638902750022e-05,1113.441104166666
Residual,Agronomic_NUE,1way_treatment,1880.4093750000002,18.0,,,104.46718750000001
Intercept,Recovery_rate_N,2way_fertilized,13084.354041497067,1.0,85.4000873741216,4.8592351645604726e-08,
C(Soil),Recovery_rate_N,2way_fertilized,512.303976393019,1.0,3.3437496575924146,0.08506111184638063,
C(Biochar),Recovery_rate_N,2way_fertilized,3771.728060041663,2.0,12.308819558742615,0.0004954018136172347,
C(Soil):C(Biochar),Recovery_rate_N,2way_fertilized,1280.3645056591245,2.0,4.178396591349898,0.033420584424088844,
Residual,Recovery_rate_N,2way_fertilized,2604.6111373517556,17.0,,,
C(Treatment),Recovery_rate_N,1way_treatment,3956.839348664313,5.0,5.165167879585009,0.004608311429786741,791.3678697328626
Residual,Recovery_rate_N,1way_treatment,2604.6111373517556,17.0,,,153.2124198442209
Intercept,Recovery_rate_P,2way_fertilized,0.9423070256249981,1.0,31.89562292152282,2.337602634860423e-05,
C(Soil),Recovery_rate_P,2way_fertilized,0.027960212812499923,1.0,0.9464095888296324,0.3435277894024795,
C(Biochar),Recovery_rate_P,2way_fertilized,0.5228936779166667,2.0,8.849567670269824,0.0021063632558443127,
C(Soil):C(Biochar),Recovery_rate_P,2way_fertilized,0.2679130533333335,2.0,4.534219470138238,0.025426328442859313,
Residual,Recovery_rate_P,2way_fertilized,0.5317822606249999,18.0,,,
C(Treatment),Recovery_rate_P,1way_treatment,0.7617095559375,5.0,5.156536056979721,0.004143990942634489,0.1523419111875
Residual,Recovery_rate_P,1way_treatment,0.531782260625,18.0,,,0.029543458923611113
Intercept,Recovery_rate_K,2way_fertilized,9822.324086350627,1.0,72.52227951949502,9.949990432477872e-08,
C(Soil),Recovery_rate_K,2way_fertilized,11.404623658126207,1.0,0.08420505141941109,0.7749942297570473,
C(Biochar),Recovery_rate_K,2way_fertilized,803.4729456821648,2.0,2.9661864667083813,0.07701595236682779,
C(Soil):C(Biochar),Recovery_rate_K,2way_fertilized,156.7498858372927,2.0,0.5786746056942962,0.5707340757956344,
Residual,Recovery_rate_K,2way_fertilized,2437.896805309111,18.0,,,
C(Treatment),Recovery_rate_K,1way_treatment,1035.869842996382,5.0,1.5296510609743148,0.23022123973245298,207.1739685992764
Residual,Recovery_rate_K,1way_treatment,2437.8968053091116,18.0,,,135.43871140606177
Intercept,Physiological_Efficiency,2way_fertilized,13985.415737341944,1.0,130.04834953854416,2.1850989798964815e-09,
C(Soil),Physiological_Efficiency,2way_fertilized,8.053626050537058,1.0,0.07488949884245835,0.7876434397614304,
C(Biochar),Physiological_Efficiency,2way_fertilized,727.9693691580179,2.0,3.3846407125687823,0.0579001093661387,
C(Soil):C(Biochar),Physiological_Efficiency,2way_fertilized,349.0731501164838,2.0,1.6229902597624597,0.22643101184633044,
Residual,Physiological_Efficiency,2way_fertilized,1828.182121329785,17.0,,,
C(Treatment),Physiological_Efficiency,1way_treatment,1174.0096699673693,5.0,2.183389078865741,0.10428569258529809,234.80193399347385
Residual,Physiological_Efficiency,1way_treatment,1828.182121329785,17.0,,,107.540124784105
Intercept,N_P_ratio,3way_all,21739.15118874765,1.0,45.75439055870553,6.719595622157462e-07,
C(Soil),N_P_ratio,3way_all,1180.3961260377782,1.0,2.4843796749833826,0.12863790851295762,
C(Fertilizer),N_P_ratio,3way_all,4671.219385323118,1.0,9.831515236533154,0.004639486344821079,
C(Biochar),N_P_ratio,3way_all,4413.348473038895,2.0,4.644387169348378,0.020219814949558483,
C(Soil):C(Fertilizer),N_P_ratio,3way_all,4813.50999390189,1.0,10.130994274202244,0.0041442678279410596,
C(Soil):C(Biochar),N_P_ratio,3way_all,2950.788269689738,2.0,3.105261971251991,0.06399818021693322,
C(Fertilizer):C(Biochar),N_P_ratio,3way_all,260.8347329632954,2.0,0.27448942554517913,0.76241458906871,
C(Soil):C(Fertilizer):C(Biochar),N_P_ratio,3way_all,234.85460155872127,2.0,0.24714923482819615,0.7830717825167968,
Residual,N_P_ratio,3way_all,10927.923445940482,23.0,,,
Intercept,N_P_ratio,2way_fertilized,26192.59327816482,1.0,41.52442560965581,6.058337680617727e-06,
C(Soil),N_P_ratio,2way_fertilized,5572.7807567227355,1.0,8.834807516534237,0.008543579890409726,
C(Biochar),N_P_ratio,2way_fertilized,548.3561023472138,2.0,0.43466815098640504,0.6544767780832591,
C(Soil):C(Biochar),N_P_ratio,2way_fertilized,1387.5671851964019,2.0,1.099889761738867,0.35546576336692715,
Residual,N_P_ratio,2way_fertilized,10723.18470855045,17.0,,,
C(Treatment),N_P_ratio,1way_treatment,16189.850196662308,7.0,4.867825286103064,0.001746952712970471,2312.8357423803295
Residual,N_P_ratio,1way_treatment,10927.923445940476,23.0,,,475.1271063452381
